ID,label,cf,xmin,ymin,xmax,ymax
crazing_10dh18dy69jj.jpg,crazing,0.62 0.59 0.55 0.52,10 13 9 3,63 19 95 131,180 186 162 157,150 104 179 192
crazing_17ej7vl96bai.jpg,crazing,0.63 0.61 0.60 0.52 0.50,10 9 16 15 2,64 95 34 6 132,178 181 184 187 156,150 179 120 91 192
crazing_1l6jrbqptp9x.jpg,crazing,0.62 0.58 0.55 0.51,11 8 21 3,64 20 97 132,177 171 185 172,149 102 179 192
crazing_1olaertr3kk3.jpg,crazing,0.62 0.58 0.58 0.52,10 16 13 2,49 79 20 131,177 184 185 158,134 166 104 192
crazing_1oskoqxf9ewd.jpg,crazing,0.60 0.60 0.53 0.52,9 15 9 2,34 62 97 130,169 183 155 159,118 151 178 193
crazing_2n9rfdh9adg4.jpg,crazing,0.62 0.62 0.53 0.52,8 10 15 2,33 77 7 131,181 181 188 157,120 167 90 193
crazing_3kyz2t5jhl4d.jpg,crazing,0.60 0.58 0.56 0.52,8 9 8 3,18 80 49 131,182 167 153 159,103 164 132 193
crazing_3zdq65hlyaa2.jpg,crazing,0.63 0.57 0.56 0.52,10 8 10 24,32 63 7 98,178 155 180 185,119 149 87 180
crazing_47ohkxigp0np.jpg,crazing,0.62 0.59 0.58 0.50,8 16 13 3,49 81 19 131,181 183 185 141,134 165 104 192
crazing_4azx7p0enj0d.jpg,crazing,0.62 0.59 0.52,11 9 15,80 33 8,177 170 188,165 119 89
crazing_4cgo3as037hg.jpg,crazing,0.59 0.57 0.55 0.54,17 8 8 27,79 48 20 116,183 155 155 187,166 133 102 188
crazing_4z1mp3nqoy0k.jpg,crazing,0.58 0.58 0.58 0.52 0.50,9 8 15 3 14,50 21 78 130 4,167 170 184 157 188,133 102 166 193 73
crazing_5ooqhvxg62iy.jpg,crazing,0.62 0.60 0.54 0.52,9 9 9 2,63 19 96 132,182 181 159 158,150 103 180 192
crazing_5uktefy7i8qt.jpg,crazing,0.60 0.59 0.55 0.52,13 8 8 2,96 49 18 132,185 167 161 172,180 132 103 192
crazing_6jiq0jk4162k.jpg,crazing,0.61 0.61 0.53 0.51,9 10 11 4,31 79 6 132,183 181 185 172,120 166 89 192
crazing_6u93bbh6rqtr.jpg,crazing,0.62 0.56 0.56 0.51 0.51,9 8 11 8 3,31 64 8 97 131,181 154 180 139 141,120 148 87 179 192
crazing_732gf74ke843.jpg,crazing,0.61 0.59 0.58 0.51,11 18 9 2,65 36 94 132,174 182 170 173,148 119 180 192
crazing_775h60agsl6m.jpg,crazing,0.58 0.57 0.56 0.51,14 10 8 3,20 95 64 131,186 173 156 156,103 179 148 192
crazing_7o2id7ft59io.jpg,crazing,0.61 0.59 0.52,9 15 14,78 33 7,183 184 188,166 119 89
crazing_85ea74ndv9tb.jpg,crazing,0.62 0.62 0.56 0.51,10 11 17 3,77 48 20 131,182 178 185 157,167 135 103 192
crazing_8b9c97jkpclo.jpg,crazing,0.60 0.60 0.59 0.52,9 9 14 4,18 49 79 130,183 169 184 143,105 134 166 193
crazing_8qcns35jwjh5.jpg,crazing,0.61 0.60 0.55,9 9 10,78 33 7,181 169 183,165 118 88
crazing_8zrliunxj92k.jpg,crazing,0.62 0.61 0.57,10 13 14,78 48 19,180 184 185,165 136 104
crazing_aydqt0wrf3dk.jpg,crazing,0.59 0.59 0.55,8 8 21,64 34 95,168 167 185,149 117 181
crazing_b0ynd33onkj0.jpg,crazing,0.62 0.60 0.58 0.53 0.53,10 14 16 16 3,32 63 98 8 131,180 184 184 188 173,120 151 179 89 192
crazing_b92iu31slkqh.jpg,crazing,0.62 0.62 0.61 0.55 0.50,9 9 9 10 2,33 63 95 7 132,180 179 180 182 171,119 149 179 87 191
crazing_bsiz87vas0iq.jpg,crazing,0.59 0.59 0.55 0.52,14 17 21 3,96 51 20 132,185 182 186 143,180 134 103 192
crazing_c6bqe0h5mv0k.jpg,crazing,0.62 0.61 0.59,9 14 8,95 48 17,183 184 183,180 135 104
crazing_cla3f9s5puk6.jpg,crazing,0.62 0.58 0.57,10 17 14,47 79 19,181 184 186,135 166 105
crazing_cwsm75up8qki.jpg,crazing,0.60 0.58 0.58 0.52 0.51,15 15 9 4 16,33 95 65 131 8,184 186 167 158 188,120 181 148 193 89
crazing_dkw5ys9hsyrq.jpg,crazing,0.62 0.59 0.54 0.52,9 9 9 3,33 64 95 131,181 168 158 158,120 148 179 193
crazing_duxfqaip87q5.jpg,crazing,0.60 0.59 0.57 0.51,9 9 9 2,19 64 97 131,181 169 168 157,103 148 178 192
crazing_efs4b3k69oy6.jpg,crazing,0.62 0.58 0.58 0.51,11 16 12 3,80 49 20 132,176 183 185 142,164 135 104 192
crazing_ehdmanftrc7d.jpg,crazing,0.60 0.60 0.54 0.53,14 8 15 2,80 34 8 131,184 169 187 158,165 117 88 193
crazing_ejb9hal8xhd9.jpg,crazing,0.59 0.58 0.56 0.50,14 9 9 3,97 35 62 132,185 166 159 172,180 117 150 191
crazing_f1efwmg77wdq.jpg,crazing,0.60 0.59 0.55 0.52,8 14 10 2,48 79 7 131,170 184 184 173,134 166 88 192
crazing_fwgeo3vciwpq.jpg,crazing,0.58 0.58 0.57 0.52,8 15 9 2,19 97 49 131,172 185 156 159,103 180 133 193
crazing_gg7tsgqc2lz1.jpg,crazing,0.59 0.59 0.53,15 9 10,33 79 6,184 168 185,120 164 89
crazing_ipkn4qozjnha.jpg,crazing,0.62 0.60 0.59 0.54 0.53,9 15 17 10 2,94 34 65 8 131,180 183 183 183 158,180 120 150 88 192
crazing_ivslgzsm6r15.jpg,crazing,0.62 0.58 0.56 0.51,9 13 19 2,46 98 21 133,181 185 183 173,135 179 101 192
crazing_jf51r61subhv.jpg,crazing,0.62 0.62 0.54 0.53,11 11 8 3,49 80 18 133,177 177 160 172,134 164 103 192
crazing_jpx4663lc7cb.jpg,crazing,0.62 0.61 0.60 0.52 0.50,8 13 11 2 13,94 46 19 132 3,182 184 179 159 183,180 137 104 192 70
crazing_kgrz6g901ugs.jpg,crazing,0.61 0.59 0.58,10 8 8,78 49 17,181 169 174,166 133 103
crazing_kidwdxp6xq63.jpg,crazing,0.62 0.62 0.61 0.56 0.51,10 9 9 11 1,33 63 96 7 131,179 181 181 182 157,119 150 179 88 192
crazing_lh1h1tvqud7y.jpg,crazing,0.62 0.58 0.55 0.52 0.51,11 9 9 3 9,33 64 95 132 7,177 167 159 160 172,119 149 180 193 87
crazing_p2v7ab3313rd.jpg,crazing,0.61 0.59 0.55 0.53,10 14 23 11,96 64 34 6,179 184 184 186,179 150 119 89
crazing_pc45ch3yqi5x.jpg,crazing,0.61 0.58 0.58 0.51 0.51,10 9 8 13 2,79 49 20 4 131,179 168 171 189 156,165 133 102 72 192
crazing_pg7orwu8oelv.jpg,crazing,0.62 0.60 0.58,10 11 16,46 21 97,181 175 184,136 101 179
crazing_q22hcbs0lpjl.jpg,crazing,0.60 0.60 0.57,16 9 8,81 48 19,182 169 170,165 134 102
crazing_r40oh127cb2w.jpg,crazing,0.61 0.60 0.57 0.52 0.51,9 15 8 3 13,95 32 63 132 4,181 184 156 158 189,179 121 149 192 72
crazing_repb1vdyqtrn.jpg,crazing,0.62 0.59 0.58 0.56,11 20 8 9,49 117 20 78,177 181 170 156,134 187 102 165
crazing_rreyt9rqylmv.jpg,crazing,0.62 0.60 0.57 0.53 0.53,8 8 8 19 3,94 33 64 9 131,182 168 153 186 157,180 118 148 87 193
crazing_sleqct8ryt0y.jpg,crazing,0.60 0.57 0.57 0.50,9 9 15 1,64 97 20 131,169 168 185 157,148 178 103 192
crazing_syz33pn2ui8g.jpg,crazing,0.60 0.59 0.54 0.53 0.51,15 9 24 10 3,64 34 98 5 132,184 167 185 186 171,149 118 179 90 192
crazing_tflqo93rseke.jpg,crazing,0.59 0.58 0.54 0.51,9 9 9 3,33 63 98 132,168 170 155 171,118 149 179 192
crazing_vonbie8tg61g.jpg,crazing,0.62 0.62 0.55 0.54 0.53,9 11 9 11 2,62 34 96 6 131,180 176 158 183 159,151 118 179 88 193
crazing_vssofcl8vkw1.jpg,crazing,0.63 0.60 0.56 0.51,9 14 12 3,31 78 8 133,181 184 180 173,120 167 87 192
crazing_woualnqbvy2q.jpg,crazing,0.62 0.61 0.53,11 13 9,80 34 6,176 184 186,165 119 89
crazing_xzrkabska7j3.jpg,crazing,0.58 0.58 0.57 0.51,9 8 8 3,49 81 21 131,170 169 171 156,134 164 102 192
crazing_zpd4z06qos6i.jpg,crazing,0.61 0.59 0.59 0.51,9 9 9 3,94 65 32 131,183 171 172 158,180 149 119 192
inclusion_0yagqq8j32j4.jpg,inclusion,1.00 0.98 0.91,62 71 67,109 1 11,83 89 91,182 40 86
inclusion_15xiry3rxqa3.jpg,inclusion,1.00 1.00 0.96 0.89,103 76 77 129,7 11 110 143,122 102 90 152,40 72 137 191
inclusion_1rcwpg4r35n6.jpg,inclusion,1.00 0.98,109 58,62 72,136 89,145 146
inclusion_1x07vhx2vc7d.jpg,inclusion,0.99 0.93 0.92,34 149 144,28 63 10,66 169 166,197 130 138
inclusion_281i2l5ivmjz.jpg,inclusion,1.00 1.00,95 71,117 1,120 106,199 73
inclusion_302uvaw4djt7.jpg,inclusion,1.00,29,2,76,192
inclusion_3jf9lqfc2oik.jpg,inclusion,1.00 0.97,58 44,4 2,107 67,193 87
inclusion_3oqdhkj8y6na.jpg,inclusion,1.00,92,29,130,175
inclusion_3p1426bfhu7r.jpg,inclusion,1.00,52,6,97,196
inclusion_3vvys8s04vvg.jpg,inclusion,1.00 1.00,34 136,65 6,59 181,191 198
inclusion_40kigdojhzd6.jpg,inclusion,0.99 0.83,121 124,4 87,152 142,188 193
inclusion_4q4bm6god73g.jpg,inclusion,0.98 0.87,73 131,136 144,87 162,163 196
inclusion_4thvsca69hm4.jpg,inclusion,0.99 0.94,52 48,3 88,101 70,194 175
inclusion_4vlyohn19jdt.jpg,inclusion,1.00,91,94,106,126
inclusion_52ad3w1xbf2q.jpg,inclusion,1.00,89,1,123,199
inclusion_57iq86i7nplv.jpg,inclusion,0.99,20,5,73,93
inclusion_6jugyyjbihvb.jpg,inclusion,0.99 0.98,57 147,7 6,77 164,182 62
inclusion_6pbhmdz6n9ze.jpg,inclusion,1.00 0.99,29 142,1 12,58 156,183 48
inclusion_6wymwjyrj2cj.jpg,inclusion,1.00 1.00 0.99,57 83 67,13 77 66,74 133 86,43 178 108
inclusion_7m3ziv97c5ak.jpg,inclusion,1.00 1.00,159 55,0 120,193 75,199 185
inclusion_9a25ck7bshul.jpg,inclusion,1.00 0.99 0.90 0.88,29 10 54 133,17 72 26 56,44 37 73 151,62 141 85 115
inclusion_9ajkjbwtt5ow.jpg,inclusion,1.00,73,1,122,196
inclusion_9b7li8bzddkv.jpg,inclusion,0.99,71,3,88,70
inclusion_b46vie796ihp.jpg,inclusion,1.00 0.99,148 40,65 0,168 109,104 197
inclusion_bsosogg3zc4y.jpg,inclusion,1.00 0.99,90 50,3 76,107 103,47 199
inclusion_cejdwcamkk4a.jpg,inclusion,1.00,43,0,90,198
inclusion_de60foqabdd4.jpg,inclusion,0.92,49,140,62,174
inclusion_evw7q9sodeap.jpg,inclusion,1.00 1.00 1.00,74 167 24,96 1 118,96 193 43,166 80 184
inclusion_fwa0c3r5ik3j.jpg,inclusion,1.00 0.94,110 20,33 174,137 35,154 200
inclusion_hzn08x379mix.jpg,inclusion,1.00 1.00,129 25,0 11,174 65,196 183
inclusion_idikck6wsbxw.jpg,inclusion,1.00 1.00 1.00 0.98 0.98 0.86,66 46 15 173 12 93,12 66 123 69 36 38,80 76 33 187 41 112,56 130 155 108 101 79
inclusion_inasikmjd2zn.jpg,inclusion,1.00,93,2,122,200
inclusion_l7m8jtfdjo8t.jpg,inclusion,0.99,60,15,88,198
inclusion_lbtighpwdryc.jpg,inclusion,0.99,88,104,116,196
inclusion_lxfuu7sd7emo.jpg,inclusion,1.00 0.90,28 23,2 88,78 46,195 172
inclusion_m6k9wk64vw2m.jpg,inclusion,1.00,28,10,67,197
inclusion_m86bi1pj70xy.jpg,inclusion,1.00 1.00,20 124,62 6,47 169,185 196
inclusion_o6qxjis1m4vn.jpg,inclusion,1.00 0.99,129 13,2 119,158 30,196 182
inclusion_o7jjkzg10zho.jpg,inclusion,0.99,96,45,119,91
inclusion_pwjouvhh1uxp.jpg,inclusion,0.99 0.94 0.84,32 39 68,24 1 12,83 51 85,199 38 67
inclusion_rm36qauht3zd.jpg,inclusion,1.00 1.00 0.98 0.96,177 52 50 30,7 6 126 115,194 81 96 49,47 64 200 157
inclusion_rziwav5xdf0r.jpg,inclusion,1.00,133,0,154,120
inclusion_sch46byenesr.jpg,inclusion,1.00 0.99,69 39,17 143,107 56,199 181
inclusion_sns4o21ridnk.jpg,inclusion,1.00 1.00 0.95,90 110 55,137 84 113,119 125 85,195 129 175
inclusion_srzgafqvx463.jpg,inclusion,1.00,31,25,53,184
inclusion_sw2q3kj8hxby.jpg,inclusion,1.00 1.00,125 19,75 125,141 32,114 170
inclusion_sxy32aumo47u.jpg,inclusion,0.99,131,17,163,197
inclusion_szvm3smlj087.jpg,inclusion,1.00 0.99 0.99 0.99 0.95,88 58 67 53 85,23 79 135 2 141,116 74 86 81 134,97 110 178 61 200
inclusion_t6yd7c8vr8ef.jpg,inclusion,1.00 1.00,120 28,21 79,146 48,199 121
inclusion_t7vdv8gwsry5.jpg,inclusion,0.97 0.95,45 44,77 0,65 71,197 198
inclusion_tn94a9peg9ty.jpg,inclusion,0.99 0.96,32 96,51 84,46 122,77 160
inclusion_ugs4jljcycf6.jpg,inclusion,1.00 1.00 1.00 1.00 0.94,134 7 133 27 56,1 100 101 45 71,150 37 150 42 71,33 164 140 91 107
inclusion_uumnrb5owie4.jpg,inclusion,1.00 1.00 1.00 1.00,81 57 54 108,110 12 115 0,100 77 80 129,145 81 177 63
inclusion_vkk4s88aozc2.jpg,inclusion,1.00 1.00 0.99 0.96,55 65 85 85,14 69 73 0,72 84 140 110,43 110 181 46
inclusion_w0drex55u9az.jpg,inclusion,1.00,72,40,126,194
inclusion_w5mtyu1ehyoj.jpg,inclusion,1.00 0.99,103 123,91 39,133 136,157 83
inclusion_xsy1ahk5gtbb.jpg,inclusion,1.00 0.99,44 163,36 84,75 184,164 125
inclusion_yuc9zxnlsvup.jpg,inclusion,0.99 0.96,116 117,50 119,131 139,109 195
inclusion_ywqvs7q6jqs9.jpg,inclusion,1.00 0.99,119 29,26 176,145 44,160 199
inclusion_z3z0lbxitjfc.jpg,inclusion,1.00,108,95,130,177
patches_0tasuadfdm3e.jpg,patches,0.99 0.99 0.98 0.98 0.66,2 3 76 172 173,126 56 7 137 8,54 61 116 199 194,180 181 34 163 27
patches_0y4zmn34y9j2.jpg,patches,1.00 1.00 0.99 0.97 0.92,142 4 4 106 152,32 18 73 125 92,191 96 54 160 196,79 97 167 169 138
patches_15hf4rlsderb.jpg,patches,1.00 1.00,49 109,92 59,120 181,171 113
patches_1tfm6uxs9z5w.jpg,patches,1.00 0.99 0.97 0.90,61 1 1 127,59 33 165 65,133 32 16 168,148 76 199 112
patches_288zcexde72k.jpg,patches,1.00 0.98 0.94 0.67,50 1 78 0,4 129 133 25,156 23 165 25,193 198 198 107
patches_2wbaul76xdhq.jpg,patches,1.00 1.00,120 30,32 78,184 80,99 160
patches_36xwqt0d2iaj.jpg,patches,1.00 0.99,101 0,60 0,190 61,196 200
patches_3mcmw6hbmen5.jpg,patches,1.00 1.00 1.00,3 128 136,80 78 0,75 195 184,190 194 103
patches_3r2s9u2y3wnb.jpg,patches,1.00 1.00,59 43,133 30,108 126,191 82
patches_45xc5x2xoq51.jpg,patches,1.00 1.00 1.00,112 0 1,49 94 9,193 83 47,198 198 97
patches_4h3ue5ixdu6v.jpg,patches,0.99 0.99 0.99 0.97 0.74,0 8 99 71 48,146 15 8 82 22,57 113 180 171 174,199 145 118 197 189
patches_5cmdqeiqc0r1.jpg,patches,1.00 1.00 1.00 0.99 0.99,120 123 113 0 15,71 157 1 77 22,166 169 169 41 110,156 199 29 197 139
patches_5ow8ra11a64i.jpg,patches,1.00 1.00 1.00 1.00 0.83,32 18 101 94 143,4 110 120 1 61,94 90 133 173 179,77 198 150 46 153
patches_6lrgnslt9fru.jpg,patches,1.00 1.00 1.00 0.99 0.98 0.98,114 124 58 15 19 178,1 169 1 92 100 0,165 154 96 171 106 199,66 197 28 168 193 22
patches_8vf0f4828naz.jpg,patches,1.00 1.00 1.00 0.87,0 0 101 1,82 133 9 1,72 85 190 40,137 198 196 50
patches_91nm84ger0cx.jpg,patches,1.00 1.00 0.99 0.86,0 19 102 66,1 9 124 157,32 183 151 128,22 134 193 197
patches_9n0rlexbx9xk.jpg,patches,1.00 1.00 0.85 0.72,14 16 165 124,1 105 0 33,72 75 199 187,68 199 35 116
patches_9ur8x70ne7vm.jpg,patches,1.00 1.00,52 19,43 124,141 62,193 167
patches_aqotq3daoj8u.jpg,patches,1.00 1.00 1.00,110 89 12,0 132 50,172 178 72,130 199 126
patches_bdtoqqdsfggk.jpg,patches,1.00 0.99 0.98 0.98 0.98 0.92 0.63,0 133 8 9 138 132 53,93 5 3 0 128 46 70,81 192 122 92 199 190 126,197 113 193 119 199 143 192
patches_cdhd70ccsl3t.jpg,patches,1.00 1.00 1.00 0.99 0.99,0 62 2 67 87,119 143 1 6 0,45 128 62 161 159,199 185 69 143 36
patches_d8aiebj8ascc.jpg,patches,1.00 1.00 0.99,52 58 0,126 3 137,137 126 29,198 107 198
patches_d8yg57mw9qpq.jpg,patches,1.00 1.00,21 101,116 30,74 158,152 138
patches_dg4z47c06nwl.jpg,patches,1.00 0.99 0.96 0.88 0.81,57 6 1 102 76,2 1 18 78 32,126 41 26 180 176,192 14 52 183 188
patches_ejj49mcyk0fc.jpg,patches,1.00 0.96 0.96,47 156 156,17 51 0,110 196 191,196 98 46
patches_ftnu25avxym6.jpg,patches,1.00 1.00 0.99 0.95,10 17 123 9,2 104 52 159,77 71 182 76,93 141 125 198
patches_fw6qw18698je.jpg,patches,1.00 1.00,48 55,0 68,123 125,51 155
patches_fxb41hiknd5z.jpg,patches,1.00 1.00,25 44,48 103,74 123,91 166
patches_g4iy6molvuyh.jpg,patches,1.00 0.99,60 102,96 0,91 182,126 194
patches_gb00o5e9v9iq.jpg,patches,1.00,47,97,115,198
patches_gbgrsqmdrs1q.jpg,patches,1.00 1.00 0.99 0.99,88 121 0 0,0 61 129 61,160 158 52 67,72 188 192 187
patches_hvg2f9pslnt8.jpg,patches,1.00,70,43,125,176
patches_i48o6vkh1t5i.jpg,patches,1.00,69,2,123,86
patches_iwo4v03083ua.jpg,patches,1.00 0.99 0.98 0.64,71 13 104 85,7 110 111 74,157 76 158 153,148 174 198 195
patches_jaedhg7nvf1b.jpg,patches,1.00 1.00 1.00 0.98,10 3 95 103,80 0 101 3,82 102 159 182,188 27 145 99
patches_jk3uiyil69li.jpg,patches,1.00 0.99 0.97 0.70,85 0 41 89,18 18 0 2,169 52 86 158,197 71 19 129
patches_kaesrc87erv1.jpg,patches,1.00 0.99,6 119,0 39,84 168,78 128
patches_kb1arnme1spe.jpg,patches,1.00 1.00 1.00 0.97,5 107 118 1,16 81 6 147,69 174 174 71,154 194 96 200
patches_kb5gkh2beuxq.jpg,patches,1.00 1.00 0.95 0.94,2 7 137 4,21 133 32 83,44 53 199 64,91 172 137 134
patches_kzlcnrmtrgka.jpg,patches,1.00 1.00,81 1,4 0,172 90,182 33
patches_liu3fby77vhe.jpg,patches,1.00 1.00 1.00 0.92,108 18 36 122,1 128 2 127,153 70 88 159,46 200 60 194
patches_ln6m20zrzkyj.jpg,patches,1.00 1.00 0.74,1 135 65,7 0 3,65 197 126,200 198 73
patches_m4yrlad6jske.jpg,patches,1.00 1.00 0.96,10 146 106,46 3 93,82 195 181,159 55 151
patches_mhianbrqjnzr.jpg,patches,1.00 0.97 0.83,68 120 78,13 28 7,153 151 125,180 83 88
patches_mivnz86yp1n6.jpg,patches,1.00 0.99 0.93,50 20 79,112 10 2,124 111 123,198 133 57
patches_mjw2op2jhhki.jpg,patches,1.00 0.99 0.97 0.91,89 9 13 3,127 110 0 154,181 40 41 49,200 140 17 199
patches_njbr8gv81ux8.jpg,patches,1.00 1.00 1.00,89 8 95,72 63 4,183 47 151,189 198 94
patches_oe540cmqs9jl.jpg,patches,1.00,120,125,193,185
patches_oukb1nav4mn1.jpg,patches,1.00 1.00 1.00 0.86 0.81,25 132 13 120 25,0 101 95 9 93,93 187 79 187 73,70 159 199 63 158
patches_pqy5o7h31qzn.jpg,patches,1.00 1.00 1.00,75 1 139,91 3 3,126 42 197,165 97 183
patches_stny2m983f49.jpg,patches,1.00 1.00 1.00 0.98 0.87 0.77,130 4 0 2 178 116,117 36 101 1 2 14,180 41 84 59 197 180,160 73 181 18 23 142
patches_t3mamuxm4cc5.jpg,patches,1.00 1.00 1.00,117 20 133,160 152 109,174 61 191,199 196 148
patches_ti5x5c6s1yfc.jpg,patches,1.00 0.99 0.99 0.85 0.79,17 0 108 107 116,40 1 10 9 55,63 50 176 149 182,79 26 105 88 109
patches_tyegl43z2dfk.jpg,patches,1.00 1.00 1.00 0.99 0.77,28 4 82 129 61,146 10 4 11 27,138 90 155 199 196,198 132 150 199 159
patches_vdefwh2jcr89.jpg,patches,1.00 0.99,71 30,20 105,168 104,147 182
patches_vkihok1qbc3m.jpg,patches,1.00 1.00 1.00,113 140 1,126 11 68,179 181 27,200 36 113
patches_vpgdq1m3awso.jpg,patches,1.00 1.00 0.98,90 132 23,67 156 84,156 165 49,138 182 113
patches_wd2qwbkvz67d.jpg,patches,1.00,70,49,143,151
patches_zhqw9k3hink5.jpg,patches,1.00 0.99 0.80,108 16 1,1 5 147,164 68 22,119 61 198
patches_ztv1nbg3si8o.jpg,patches,1.00 1.00 1.00 1.00 0.88 0.72,1 1 1 70 124 49,0 168 86 74 13 1,41 29 45 165 193 95,67 198 160 197 92 24
pitted_surface_0791hph2dgxh.jpg,pitted_surface,1.00,0,2,192,196
pitted_surface_0m689edhjt29.jpg,pitted_surface,1.00 0.61,3 2,5 5,195 88,197 193
pitted_surface_0u3vcbeubcph.jpg,pitted_surface,1.00,122,5,189,199
pitted_surface_1r0qpasqmzw0.jpg,pitted_surface,1.00 0.95 0.94 0.89 0.74,11 177 117 120 124,1 1 99 143 105,197 199 200 187 197,189 39 196 197 196
pitted_surface_2sjmwmlfme86.jpg,pitted_surface,1.00 0.60,42 11,3 16,197 117,188 195
pitted_surface_2u8v6ntqhbm0.jpg,pitted_surface,1.00,31,8,197,193
pitted_surface_481omjbbtglu.jpg,pitted_surface,1.00 0.60,29 5,1 1,200 90,196 195
pitted_surface_4koeu0ftmzma.jpg,pitted_surface,0.99 0.98 0.80,8 45 94,11 3 7,117 194 198,134 184 142
pitted_surface_5numgmw0k7fy.jpg,pitted_surface,1.00 0.76,57 18,3 7,200 146,196 198
pitted_surface_5qtom70x5sdn.jpg,pitted_surface,0.79 0.74 0.68 0.66,57 42 4 54,97 8 5 9,118 125 119 99,179 170 113 145
pitted_surface_6uixm3hdso7i.jpg,pitted_surface,0.99,49,11,194,194
pitted_surface_7x0a1ec1fezk.jpg,patches,1.00 0.99 0.88,1 35 15,153 7 5,37 194 113,199 194 174
pitted_surface_7zowcxup1k1d.jpg,pitted_surface,1.00,2,0,172,189
pitted_surface_7zrb80br9pgp.jpg,pitted_surface,0.99,70,5,194,153
pitted_surface_8jqb3gidote3.jpg,pitted_surface,1.00 0.64,34 0,10 8,196 80,199 190
pitted_surface_8pbw0oahu5bk.jpg,pitted_surface,0.99 0.69,4 85,3 12,173 196,198 199
pitted_surface_9jpfgzz4gp6i.jpg,pitted_surface,1.00,0,2,186,195
pitted_surface_a3jicq1vp3gw.jpg,patches,0.99 0.97 0.92,20 15 46,170 3 6,71 87 187,197 136 183
pitted_surface_a49w61o5i8c1.jpg,pitted_surface,0.99 0.99 0.68,45 6 67,14 136 32,191 28 136,195 170 151
pitted_surface_a4cjsp76wts9.jpg,pitted_surface,1.00,31,4,197,196
pitted_surface_a6q2nm8x4e54.jpg,pitted_surface,1.00 0.93,35 3,4 20,196 66,195 198
pitted_surface_aakhjirui0b4.jpg,pitted_surface,1.00 0.86,0 114,1 119,170 150,189 154
pitted_surface_b0oqzz0lwkep.jpg,pitted_surface,1.00 0.97,42 173,11 4,200 199,199 40
pitted_surface_bqtl6g325yzi.jpg,pitted_surface,1.00,6,3,199,197
pitted_surface_cfosaocno4er.jpg,pitted_surface,1.00 0.97 0.94,4 1 3,2 2 73,186 50 100,190 62 194
pitted_surface_eilmd3vklu4u.jpg,pitted_surface,1.00,15,6,196,195
pitted_surface_eirnvw3yi6yy.jpg,pitted_surface,1.00,7,1,198,195
pitted_surface_ekw4ki9h5arf.jpg,pitted_surface,1.00 0.63,24 8,5 20,188 119,191 187
pitted_surface_et53275x7uht.jpg,pitted_surface,1.00 0.79,21 3,5 17,195 118,192 198
pitted_surface_fbjf8nyjpxb6.jpg,pitted_surface,1.00 0.99 0.97,1 145 117,1 90 114,162 198 141,184 192 150
pitted_surface_fo53jop5p7cb.jpg,pitted_surface,1.00,9,13,182,195
pitted_surface_grfjqwffnq60.jpg,pitted_surface,0.99 0.64,4 101,6 78,124 165,186 183
pitted_surface_h1g2phe0g4b6.jpg,pitted_surface,0.99 0.69,56 13,5 23,196 107,195 191
pitted_surface_ifcpnqws07yb.jpg,pitted_surface,0.99 0.98 0.98 0.68 0.65 0.63,43 23 6 39 6 114,9 112 1 82 1 12,192 50 47 129 53 195,195 144 27 196 28 181
pitted_surface_l7ml5ds8ktjg.jpg,pitted_surface,0.99,19,17,195,198
pitted_surface_lxxhngilvoum.jpg,pitted_surface,1.00 0.93 0.87,21 98 179,8 1 141,197 197 200,195 177 194
pitted_surface_m1fnvw0aguv2.jpg,pitted_surface,0.99 0.88 0.71 0.68,12 5 62 15,2 33 4 4,180 50 153 97,186 200 170 194
pitted_surface_n9i2a31q97gd.jpg,pitted_surface,1.00 0.92,83 9,5 4,196 31,200 188
pitted_surface_o4was3jgm2el.jpg,pitted_surface,1.00,1,5,197,195
pitted_surface_ofrbcsiaq9rg.jpg,pitted_surface,1.00,57,1,200,196
pitted_surface_ogc3k8xgxuhg.jpg,pitted_surface,0.98 0.98 0.93 0.79,4 76 153 51,0 150 68 1,148 147 199 187,175 198 200 128
pitted_surface_p010fd9ruh0x.jpg,patches,1.00 1.00 0.97,160 0 136,7 2 135,198 188 199,89 197 196
pitted_surface_q7pxexjuyn9u.jpg,pitted_surface,1.00,2,2,121,190
pitted_surface_qxgur7z0tuj0.jpg,pitted_surface,1.00,8,4,197,194
pitted_surface_rxoivotqcz7w.jpg,pitted_surface,0.97,64,22,145,186
pitted_surface_std3bkllbzch.jpg,pitted_surface,1.00,24,3,200,197
pitted_surface_t6f3v4gcgiqz.jpg,pitted_surface,1.00,4,1,195,195
pitted_surface_thgtx8uw7lm0.jpg,pitted_surface,1.00,6,5,197,195
pitted_surface_tn8acypd3jlo.jpg,pitted_surface,1.00 0.64,17 6,4 3,200 110,195 200
pitted_surface_tq062njiuz7i.jpg,pitted_surface,1.00 0.97,2 179,0 155,175 199,192 193
pitted_surface_tybc6bbq01n8.jpg,pitted_surface,1.00,22,6,197,194
pitted_surface_uvymq9nylpqs.jpg,pitted_surface,1.00,1,1,196,197
pitted_surface_v7xoxbhtz0db.jpg,pitted_surface,1.00,17,16,192,197
pitted_surface_w2dg56uuj50y.jpg,pitted_surface,1.00 0.63,6 0,1 3,193 43,197 48
pitted_surface_x84tr5onyaet.jpg,pitted_surface,0.95 0.91 0.75,0 16 111,1 7 25,75 176 195,198 193 196
pitted_surface_xbhlx5k0jfv3.jpg,pitted_surface,1.00,23,4,199,195
pitted_surface_xf7qaa0dkvi7.jpg,pitted_surface,1.00 0.99 0.61,2 0 128,2 135 171,191 38 169,190 197 197
pitted_surface_ysvko081urnu.jpg,pitted_surface,0.96,93,13,146,172
pitted_surface_ywwzbhzmpcu6.jpg,pitted_surface,1.00,2,7,142,196
pitted_surface_zkxu7y3y9qfm.jpg,pitted_surface,0.91,65,9,196,197
rolled-in_scale_0iu14b9sngv8.jpg,rolled-in_scale,0.94,15,102,75,195
rolled-in_scale_0kuzivzju9ei.jpg,rolled-in_scale,0.97,93,67,146,172
rolled-in_scale_0vim0g5lswym.jpg,rolled-in_scale,0.99 0.94 0.82 0.77,106 36 29 64,99 15 46 4,167 168 134 176,197 177 159 113
rolled-in_scale_0x57iehyk1tn.jpg,rolled-in_scale,1.00,90,51,191,195
rolled-in_scale_2bhk6es9p7cy.jpg,rolled-in_scale,1.00 1.00,87 81,0 38,125 140,65 190
rolled-in_scale_2s958kbfwj68.jpg,rolled-in_scale,0.99 0.81,80 83,2 0,150 158,55 149
rolled-in_scale_3ckrhac28z7m.jpg,rolled-in_scale,0.95 0.90 0.87 0.83 0.75,42 43 46 100 42,22 82 25 102 26,135 101 156 157 135,68 192 109 165 182
rolled-in_scale_3q4qjrwm7yo2.jpg,rolled-in_scale,0.99 0.98 0.78,39 29 20,15 76 109,115 99 100,79 175 159
rolled-in_scale_3uy6y52wixuc.jpg,rolled-in_scale,0.99 0.99 0.90,18 100 18,15 53 135,82 167 163,87 194 197
rolled-in_scale_70951t3xfau3.jpg,rolled-in_scale,0.96,19,16,168,146
rolled-in_scale_76j1aun0ijm4.jpg,rolled-in_scale,0.84,1,48,62,200
rolled-in_scale_7cc9llqwlx60.jpg,rolled-in_scale,1.00 1.00 0.85,63 61 69,34 6 119,170 105 125,106 58 182
rolled-in_scale_7f786w33ynzz.jpg,rolled-in_scale,0.99 0.98 0.90,78 87 71,124 34 125,118 122 127,147 74 195
rolled-in_scale_7zzufmnpbjli.jpg,rolled-in_scale,1.00 0.86,4 31,0 89,117 113,119 196
rolled-in_scale_8f41u2r4kpha.jpg,rolled-in_scale,1.00 0.90,43 55,91 20,172 120,195 124
rolled-in_scale_8orlbohsrwoj.jpg,rolled-in_scale,0.98 0.97 0.84,9 113 113,4 93 95,149 179 168,121 197 153
rolled-in_scale_9wqogo5ajioz.jpg,rolled-in_scale,0.70,76,23,125,86
rolled-in_scale_b686qc6z933u.jpg,rolled-in_scale,0.92 0.78,92 131,91 31,143 194,198 118
rolled-in_scale_dds7t20jxocg.jpg,rolled-in_scale,0.90,112,19,196,194
rolled-in_scale_du7rqxpzrjcw.jpg,rolled-in_scale,0.99 0.75,84 14,144 93,121 72,197 143
rolled-in_scale_e2og62yreqee.jpg,rolled-in_scale,1.00 0.98 0.96 0.88,110 14 18 85,8 90 83 61,149 68 78 169,55 177 127 158
rolled-in_scale_el0ux348wfqk.jpg,rolled-in_scale,0.80,46,9,123,143
rolled-in_scale_etolrv5vywyx.jpg,rolled-in_scale,0.99 0.97,16 15,6 110,75 149,132 196
rolled-in_scale_fhbtun6no2yh.jpg,rolled-in_scale,0.98,34,26,145,191
rolled-in_scale_ga3vwwsnbdto.jpg,rolled-in_scale,0.97,29,25,143,179
rolled-in_scale_getul7390a5q.jpg,rolled-in_scale,1.00 1.00 0.96,5 114 61,25 44 128,108 189 125,107 192 189
rolled-in_scale_gqzw2p3lgpyf.jpg,rolled-in_scale,1.00 0.99 0.83,3 105 86,44 1 90,118 175 195,196 54 185
rolled-in_scale_gtxhz6ihkm5c.jpg,rolled-in_scale,0.98,70,7,148,137
rolled-in_scale_ha16jnmn8g1x.jpg,rolled-in_scale,0.94,41,5,151,126
rolled-in_scale_hlf6dymfrn5t.jpg,rolled-in_scale,0.99 0.89,15 32,60 1,145 97,197 42
rolled-in_scale_ieuqgblk2y71.jpg,rolled-in_scale,0.97,57,45,146,192
rolled-in_scale_iv0gbbjok368.jpg,rolled-in_scale,0.99 0.88,17 84,19 10,75 164,99 56
rolled-in_scale_j2vexehx865o.jpg,rolled-in_scale,0.99,55,57,112,180
rolled-in_scale_km40nq6gqoei.jpg,rolled-in_scale,0.95 0.77,105 2,125 99,159 65,189 184
rolled-in_scale_kpr2pp7d4h6z.jpg,rolled-in_scale,0.99 0.97,3 102,43 29,69 194,195 121
rolled-in_scale_l1ee4mivom7j.jpg,rolled-in_scale,1.00 0.99,43 57,1 129,142 179,78 198
rolled-in_scale_lcxxq4xzjjjv.jpg,rolled-in_scale,0.96,19,10,85,141
rolled-in_scale_lez9dfazorsf.jpg,rolled-in_scale,0.99 0.98 0.92 0.75,125 34 34 56,103 27 12 63,182 142 121 138,198 137 78 133
rolled-in_scale_m4whwb71q954.jpg,rolled-in_scale,0.98 0.87 0.79,103 110 27,7 77 82,156 155 89,134 143 129
rolled-in_scale_meosp7em1j5r.jpg,rolled-in_scale,0.99 0.98,95 35,3 64,152 161,107 190
rolled-in_scale_o4knmteqma96.jpg,rolled-in_scale,0.99 0.95 0.90,39 52 132,39 126 91,90 115 175,103 187 176
rolled-in_scale_ouuu5q4h8rzk.jpg,rolled-in_scale,0.97 0.96,89 77,8 101,162 182,94 182
rolled-in_scale_p4jop5hs9v4b.jpg,rolled-in_scale,0.98,45,81,175,190
rolled-in_scale_p4nicn8l1h29.jpg,rolled-in_scale,1.00 0.98 0.88,109 51 47,3 114 106,160 174 108,102 190 181
rolled-in_scale_p97e5wknnruu.jpg,rolled-in_scale,1.00 1.00,21 28,118 1,96 94,200 40
rolled-in_scale_pspfogtivujq.jpg,rolled-in_scale,1.00 0.89,73 33,81 116,180 93,191 195
rolled-in_scale_qihq88bnis8p.jpg,rolled-in_scale,0.97,47,66,145,185
rolled-in_scale_rih06zkuswow.jpg,rolled-in_scale,0.98 0.85,3 152,7 3,93 197,155 74
rolled-in_scale_rrog4wmgytar.jpg,rolled-in_scale,0.97 0.85,15 38,72 0,80 86,175 47
rolled-in_scale_s0kq86ypd42s.jpg,rolled-in_scale,0.97,27,17,133,148
rolled-in_scale_stbg0gmm3ua7.jpg,rolled-in_scale,0.99 0.96 0.89,116 94 106,106 6 58,164 166 164,177 88 182
rolled-in_scale_sxis56iti5b5.jpg,rolled-in_scale,1.00 0.96,44 89,60 18,95 152,128 87
rolled-in_scale_t1e4ud7ov4us.jpg,rolled-in_scale,0.85,22,122,90,188
rolled-in_scale_t36oud0t7x0u.jpg,rolled-in_scale,1.00 1.00 0.99,128 138 54,38 145 37,183 191 129,67 197 200
rolled-in_scale_urw7tm6r6ocj.jpg,rolled-in_scale,0.92 0.81,66 92,128 44,141 190,193 118
rolled-in_scale_vu48xtcxd8b5.jpg,rolled-in_scale,0.82,60,8,123,58
rolled-in_scale_xodglivvg16c.jpg,rolled-in_scale,0.98 0.85 0.77,101 21 50,10 35 92,171 91 169,183 135 198
rolled-in_scale_y7y06kwlntbx.jpg,rolled-in_scale,0.99 0.86,60 73,57 11,148 113,196 51
rolled-in_scale_ydh4f8c1s38d.jpg,rolled-in_scale,0.94 0.79,34 68,54 17,151 176,174 81
rolled-in_scale_ygxjxw239o5y.jpg,rolled-in_scale,0.98,52,49,134,188
scratches_064v79hyzr6w.jpg,scratches,1.00 0.98,71 35,16 0,85 55,196 100
scratches_1krmfax331eu.jpg,scratches,1.00 0.99 0.97 0.92,20 83 152 52,2 4 11 4,39 107 172 64,143 144 186 74
scratches_2roolxtb4al4.jpg,scratches,1.00,1,85,200,107
scratches_2vr3o5s11pfw.jpg,scratches,1.00,4,137,200,164
scratches_2vsl4y7brcrf.jpg,scratches,1.00 0.84,0 15,157 38,197 112,172 52
scratches_3h4hvwaw3nvf.jpg,scratches,1.00 1.00 0.98,47 55 11,132 99 74,196 194 112,154 125 86
scratches_3tdaalmhzmby.jpg,scratches,1.00 1.00,0 4,106 25,167 200,135 44
scratches_3wg7jujqwwu1.jpg,scratches,1.00,2,88,200,118
scratches_46th8j7ror33.jpg,scratches,1.00 1.00,127 59,109 4,141 78,200 113
scratches_4nsmu3yr9ag0.jpg,scratches,1.00 1.00 0.97,100 29 125,1 10 147,113 61 145,52 197 197
scratches_524kxigden3y.jpg,scratches,1.00 0.99,66 21,22 178,197 163,35 196
scratches_57vrx8iscvrz.jpg,inclusion,1.00 0.99 0.98,153 36 99,3 92 1,187 56 117,197 198 117
scratches_634mk6h9wlwc.jpg,scratches,1.00 0.98 0.88 0.84,1 60 2 1,33 151 168 167,113 198 27 29,49 171 196 196
scratches_6tt5ntx30h93.jpg,scratches,1.00 0.85,114 22,35 144,132 97,138 155
scratches_80cn3h7h4te7.jpg,scratches,1.00 0.99,82 54,0 0,97 71,196 89
scratches_870980r6e22z.jpg,scratches,0.99 0.95,0 11,119 88,131 194,136 109
scratches_89cak71hgcoa.jpg,scratches,0.92,64,14,85,173
scratches_90eqou8tylfi.jpg,scratches,1.00 1.00,63 138,0 1,80 170,196 185
scratches_9lusknxh0znl.jpg,scratches,1.00 1.00,133 16,0 0,150 29,198 200
scratches_ah42zas00hig.jpg,scratches,1.00 1.00,1 0,22 134,114 194,37 161
scratches_b11vgcovrwkr.jpg,scratches,0.99,117,0,129,169
scratches_ba19dfyrxueu.jpg,scratches,1.00,69,43,99,198
scratches_cgalne8ylsp3.jpg,scratches,1.00 0.97 0.90,0 1 74,60 143 125,200 70 153,76 155 138
scratches_ctv6fhhv74n4.jpg,scratches,1.00 1.00,67 131,0 8,82 160,200 168
scratches_e4gstlikcsoc.jpg,scratches,1.00 0.93 0.91 0.90 0.83,46 8 0 67 122,11 150 147 76 45,199 120 175 194 193,35 166 165 103 58
scratches_ecd9mw6z89yz.jpg,scratches,1.00 1.00,0 16,68 140,158 200,85 158
scratches_f1jsn57mjoc8.jpg,scratches,1.00 1.00,126 14,0 49,152 28,190 198
scratches_feor26gs2e3n.jpg,scratches,1.00 0.99,64 128,0 6,78 170,200 191
scratches_g55q3s264fg7.jpg,scratches,1.00 1.00,113 31,51 0,142 52,199 197
scratches_hcjl993tsr3l.jpg,scratches,1.00 1.00 1.00 0.97,108 157 46 83,18 8 12 2,123 174 58 97,199 166 198 93
scratches_hkz8o4lp3m83.jpg,scratches,1.00,0,48,200,75
scratches_hva2z9mgm3hb.jpg,scratches,1.00 0.99,49 169,48 0,65 186,155 90
scratches_iaebj2srv2it.jpg,scratches,0.99,0,133,200,153
scratches_iugu3tns77jp.jpg,scratches,1.00,79,2,95,198
scratches_jikgb7e43kkv.jpg,scratches,1.00 1.00 0.99,153 43 11,1 98 33,183 58 31,195 199 189
scratches_jxfygjksw5zq.jpg,scratches,1.00 0.99 0.86,0 3 94,21 167 73,200 194 196,51 190 86
scratches_mpy90l52e4if.jpg,scratches,1.00 1.00,141 109,45 10,154 128,197 133
scratches_ngy8waxl435h.jpg,scratches,1.00 0.99 0.87,53 114 148,5 3 43,66 135 198,140 146 95
scratches_noeqpty165qe.jpg,scratches,1.00 1.00 0.80,84 161 48,3 110 112,99 175 62,125 197 197
scratches_obdzzi11zmvi.jpg,scratches,1.00,12,90,200,110
scratches_p6s87y88epil.jpg,scratches,1.00 0.99 0.96 0.82,40 133 100 98,24 69 53 3,57 146 116 122,164 195 198 161
scratches_pq5digexy5te.jpg,scratches,1.00,22,3,36,198
scratches_pr527tdothx0.jpg,scratches,1.00 1.00,125 47,9 0,156 64,198 200
scratches_qoodom5ilk08.jpg,scratches,1.00 0.97 0.96,1 84 123,38 90 55,192 190 143,58 110 79
scratches_rqy4qbog6sja.jpg,scratches,1.00 0.99 0.99,134 172 30,24 29 3,147 186 43,200 63 175
scratches_rutyo57xsulb.jpg,scratches,1.00,0,78,196,109
scratches_scl2kvgq9nut.jpg,scratches,1.00,70,124,82,200
scratches_sgtt7cusxd8m.jpg,scratches,1.00,0,94,200,121
scratches_tjd39622bnu8.jpg,scratches,1.00 1.00 0.99,136 106 79,1 1 11,159 127 92,121 108 189
scratches_twrko6brqsrt.jpg,scratches,1.00 0.88,51 0,151 85,157 162,166 115
scratches_u095et0z44w9.jpg,scratches,1.00 0.97,2 18,16 64,198 92,31 80
scratches_v3t9bcgq9uf7.jpg,scratches,1.00 0.99 0.98 0.90 0.86,13 145 181 52 183,4 22 8 121 11,43 159 195 105 195,182 199 200 153 122
scratches_v5trsuzb6ra9.jpg,scratches,1.00,0,156,147,170
scratches_v7o5ceg9crfr.jpg,scratches,0.90 0.87 0.85,34 42 146,66 64 90,101 138 157,83 82 178
scratches_vk1wwcn33wfj.jpg,scratches,1.00 0.92,0 9,154 125,194 181,188 150
scratches_vwf2dntpiqjw.jpg,scratches,1.00,0,78,195,92
scratches_wlaunrppwfmf.jpg,scratches,1.00,0,129,200,159
scratches_y4p3ayz33k2y.jpg,scratches,1.00,4,135,199,165
scratches_ymyqf6larhda.jpg,scratches,1.00 0.99 0.97 0.95,123 47 60 9,57 1 52 64,139 62 87 25,166 76 197 160
scratches_z81i6li74hhg.jpg,scratches,1.00 1.00,62 127,0 113,80 139,193 142
